{"cameraMode":{"drawMode":0,"name":"Shaded","section":"Shading Mode"},"sceneLighting":false,"audioPlay":false,"sceneViewState":{"showFog":true,"showMaterialUpdate":true,"showSkybox":true,"showFlares":true,"showImageEffects":true,"showParticleSystems":true},"in2DMode":false,"pivot":{"x":-84.04466247558594,"y":21.256271362304689,"z":-147.77850341796876},"rotation":{"x":-0.08540038019418717,"y":0.9049251675605774,"z":-0.21714037656784059,"w":-0.3559035658836365},"size":370.06689453125,"orthographic":false}