{"cameraMode":{"drawMode":0,"name":"Shaded","section":"Shading Mode"},"sceneLighting":false,"audioPlay":false,"sceneViewState":{"showFog":true,"showMaterialUpdate":true,"showSkybox":true,"showFlares":true,"showImageEffects":true,"showParticleSystems":true},"in2DMode":false,"pivot":{"x":5.639589309692383,"y":49.7050666809082,"z":5.073849678039551},"rotation":{"x":-0.3580251634120941,"y":0.6108347773551941,"z":-0.3599538803100586,"w":-0.6075623631477356},"size":57.93671798706055,"orthographic":false}