{"cameraMode":{"drawMode":0,"name":"Shaded","section":"Shading Mode"},"sceneLighting":true,"audioPlay":false,"sceneViewState":{"showFog":true,"showMaterialUpdate":true,"showSkybox":true,"showFlares":true,"showImageEffects":true,"showParticleSystems":true},"in2DMode":false,"pivot":{"x":-3.568920135498047,"y":-11.62569808959961,"z":-223.41270446777345},"rotation":{"x":-0.2726103365421295,"y":-0.5062064528465271,"z":0.1725412905216217,"w":-0.7997925877571106},"size":46.651161193847659,"orthographic":false}