{"cameraMode":{"drawMode":0,"name":"Shaded","section":"Shading Mode"},"sceneLighting":true,"audioPlay":false,"sceneViewState":{"showFog":true,"showMaterialUpdate":false,"showSkybox":true,"showFlares":true,"showImageEffects":true,"showParticleSystems":true},"in2DMode":false,"pivot":{"x":8.698444366455079,"y":4.250302791595459,"z":-5.745254993438721},"rotation":{"x":0.03605538234114647,"y":0.36181461811065676,"z":0.014005550183355809,"w":-0.9314473271369934},"size":10.0,"orthographic":false}